term,translation,note,forbidden
Eorzea,Эорзея,Название мира/региона.,
Ishgard,Ишгард,Название города-государства.,
Ul'dah,Уль'да,Название города-государства; сохранить апостроф.,
Gridania,Гридания,Название города-государства.,
Limsa Lominsa,Лимса-Ломинса,Название города-государства.,
Crystarium,Кристариум,Название города.,
Garlemald,Гарлемальд,Название империи и её земель.,
Doma,Дома,Название государства/города; склонять по контексту.,
Kugane,Куганэ,Название города.,
Tuliyollal,Тулиоллал,Столица Турала.,
Thanalan,Таналан,Название региона.,
La Noscea,Ла-Носцея,Название региона.,
Tural,Турал,Название континента.,
Gold Saucer,Золотое блюдце,Название развлекательного комплекса.,
Ala Mhigo,Ала-Миго,Название города-государства.,
Alphinaud,Альфино,Имя персонажа.,
Alisaie,Ализе,Имя персонажа.,
Thancred,Танкрет,Имя персонажа.,
Tataru,Татару,Имя персонажа.,
Gerolt,Герольт,Имя кузнеца; склоняется.,
Y'shtola,Й'штола,Имя персонажа; принятое написание в русском переводе.,
Urianger,Урианже,Имя персонажа; склоняется.,
Wuk Lamat,Вук Ламат,Персонаж Dawntrail.,
Minfilia,Минфилия,Имя персонажа; склоняется.,
Namazu,намадзу,Название расы; несклоняемое.,
Omega,Омега,Имя существа/механизма; склоняется.,
Hildibrand,Хильдибранд,Имя персонажа; склоняется.,
Coerthas,Коэртас,Название региона.,
Far East,Дальний Восток,Название региона.,
Amalj'aa,амалджа,"Название народа; сохранять апостроф в английском исходнике, русское написание без него.",
Hien,Хиэн,Имя персонажа; склоняется.,
Cid,Сид,Имя персонажа; склоняется.,
Hydaelyn,Хайдалин,Имя Матери-Кристалла.,
Idyllshire,Идилшир,Название поселения.,
Sahagin,сахагин,Название народа; несклоняемое.,
Loporrit,лопоррит,Название народа; форма зависит от числа.,
Eulmore,Юлмор,Название города.,
Ixal,иксал,Название народа; несклоняемое.,
Mamool Ja,мамул-джа,Народ Турала; существующая статья.,
Aymeric,Эмерик,Имя персонажа; склоняется.,
Kojin,кодзин,Название народа.,
Diadem,Диадема,Название территории.,
Sphene,Сфена,Персонаж Dawntrail.,
Rowena,Ровена,Имя персонажа; склоняется.,
Temple Knights,Храмовники,Орден Ишгарда.,
Estinien,Эстиниен,Имя персонажа; склоняется.,
Nidhogg,Нидхёгг,Имя дракона.,
Thavnair,Тавнаир,Название региона.,
Alexandria,Александрия,Город и государство в Dawntrail; имя уже есть в глоссарии.,
Miqo'te,микотэ,Название расы; русская локализация.,
Costa del Sol,Коста-дель-Соль,Название курорта.,
Immortal Flames,Бессмертное Пламя,Название великой роты Уль'ды.,
Crystalline Conflict,Кристаллический конфликт,Название режима PvP.,
Yugiri,Югири,Имя персонажа.,
Lyse,Лиз,Имя персонажа.,
Bahamut,Бахамут,Имя дракона.,
Gegeruju,Гегеруджу,Имя персонажа.,
Norvrandt,Норврандт,Название континента.,
Sea of Clouds,Море Облаков,Название региона.,
Eureka,Эврика,Название территории.,
Doman,доманец,Житель Домы; локализованная форма названия народа.,
Far Eastern,дальневосточный,Прилагательное к региону Дальнего Востока.,
Loporrits,лопорриты,Множественное число названия народа лопоррит.,
Ala Mhigan,аламигосец,Житель Ала-Миго.,
Disciple of the Hand,ремесленник,Категория классов ремесленников.,
Ascian,асциан,Название представителей древней расы; склоняется по контексту.,
Krile,Крул,Имя персонажа; передаёт японское クルル.,
Ruby Sea,Рубиновое море,Название региона.,
Martyn,Мартин,Имя персонажа.,
All Saints' Wake,Поминовение всех святых,Название сезонного события.,
Azys Lla,Азис-Лла,Название летающего острова.,
Moonfire Faire,Праздник Огненной Луны,Название сезонного события.,
Raubahn,Раубан,Имя персонажа.,
Oizys,Ойзис,Название локации.,
Oboro,Оборо,Имя персонажа.,
Zenos,Зенос,Имя персонажа.,
Falcon's Nest,Соколиное Гнездо,Название поселения.,
Matoya,Матойя,Имя персонажа.,
Gnath,гнат,Название народа.,
Crystal Tower,Кристальная Башня,Название подземелья.,
Studium,Студиум,Название учебного заведения.,
Firmament,Твердь,Название района Ишгарда.,
Starlight Celebration,Звёздное празднество,Название сезонного события.,
Ea,эа,Название народа.,
Lahabrea,Лахабрея,Имя персонажа.,
Zoraal Ja,Зораал Джа,Персонаж Dawntrail.,
Gyr Abania,Гир Абания,Название региона.,
Qiqirn,кикирн,Название народа.,
Pandæmonium,Пандемониум,Название рейдовой серии.,
Heavensturn,Поворот небес,Название сезонного события.,
Bismarck,Бисмарк,Имя существа.,
Lakeland,Лейкленд,Название региона.,
Quicksand,«Быстрые пески»,Название таверны в Уль'де.,
Meteion,Метеион,Имя персонажа.,
Phaenna,Фаэнна,Название планеты.,
Talos,талос,Название созданий из камня.,
Aleport,Але-порт,Название поселения.,
Roegadyn,рогадин,Название расы.,
Mamook,Мамук,Поселение пелупелу в Козамауке.,
Qitari,китари,Название народа.,
Francel,Франсель,Имя персонажа.,
Leveva,Левева,Имя персонажа.,
Wood Wailers,Лесные стражи,Подразделение стражи Гридании.,
Ifrit,Ифрит,Имя первобытного.,
Grand Company,великая рота,Игровая организация; название зависит от контекста.,
Moghome,Могдом,Название поселения муглов.,
Order of the Twin Adder,Орден Двух Змей,Название великой роты Гридании.,
Pelupelu,пелупелу,Народ Турала; существующая статья.,
Black Shroud,Чёрный Полог,Название региона.,
Emet-Selch,Эмет-Селх,Имя персонажа.,
Alexander,Александр,Имя механического первобытного.,
Vauthry,Вотрий,Имя персонажа.,
Il Mheg,Иль-Мег,Название региона.,
Elezen,элезен,Название расы.,
Titan,Титан,Имя первобытного.,
Haurchefant,Оршефан,Имя персонажа.,
Mor Dhona,Мор Дона,Название региона.,
Wedge,Ведж,Имя персонажа.,
Waking Sands,Пристанище Песков,Название штаб-квартиры Потомков.,
Bentbranch Meadows,Луга Изогнутой Ветви,Название поселения.,
Brass Blades,Медные клинки,Подразделение стражи Уль'ды.,
Koana,Коана,Персонаж Dawntrail.,
Omicron,омикрон,Название народа.,
Labyrinthos,Лабиринтос,Название региона.,
Amh Araeng,Амх-Араэнг,Название региона.,
Azim Steppe,Степь Азим,Название региона.,
Ryne,Рин,Имя персонажа; японское リーン читается «Рин».,
G'raha Tia,Г'раха Тиа,Персонаж Dawntrail.,
Erenville,Эренвиль,Персонаж Dawntrail.,
Rising Stones,Камни Возрождения,Штаб-квартира Потомков Седьмого Рассвета.,
Little Solace,Малое Утешение,Название поселения; закрепить как имя собственное.,
Tailfeather,Перо Хвоста,Название поселения; сохранить написание в два слова только если это так в исходном названии.,
Vath,ват,Название народа; русская форма во множественном числе — ваты.,
Rhalgr,Ралгр,Имя божества; склоняется.,
Halone,Халон,Имя божества; склоняется.,
Gundu,гунду,Название народа; форма множественного числа — гунд.,
Yok Huy,йок-хуи,Народ Турала; существующая статья.,
Lalafell,лаллафелл,Название расы; русская локализация.,
Scion,Потомок,Участник организации Потомков Седьмого Рассвета; использовать с прописной в названии группы.,
Solution Nine,Солюшн-Найн,Город Dawntrail.,
Kozama'uka,Козамаука,Регион Dawntrail.,
Urqopacha,Орко-Пача,Регион Dawntrail.,
Yak T'el,Як-Тель,Регион Dawntrail.,
Shaaloani,Шаалоани,Регион Dawntrail.,
Xak Tural,Хак-Турал,Регион Dawntrail.,
Living Memory,Живая память,Регион Dawntrail.,
Arcadion,Аркадион,Рейдовая серия Dawntrail.,
Dawntrail,Заревой путь,Название дополнения; сверить с принятой в проекте передачей названий.,
Reunion,Реюньон,,
Mord Souq,Морд-Сук,,
Yedlihmad,Едлихмад,,
Earthenshire,Эртэншир,,
Moongate Hub,Лунные врата,,
Occult Crescent,Таинственный полумесяц,,
Vanguard,Авангард,Подземелье в Турале.,
Heritage Found,Земля наследия,Регион Dawntrail.,
Yok Tural,Йок-Турал,Западная часть Турала.,
Ok'hanu,Окхану,Поселение в Козамауке.,
Worlar's Echo,Эхо Ворлара,Местность в Шаалоани.,
Xbalyav Ty'e,Шабавче,Поселение в Козамауке.,
Yuweyawata,Ювеяваата,Подземелье Dawntrail.,
Bakool Ja Ja,Бакул Джа Джа,Персонаж Dawntrail.,
Gulool Ja Ja,Гулул Джа Джа,Персонаж Dawntrail.,
Galool Ja Ja,Галул Джа Джа,Имя персонажа; проверить вариант по русской локализации.,
Peacemeet,Мирная встреча,Район в Тулиоллале.,
Reascension,Восхождение,Термин и сюжетное место Dawntrail.,
Victors' March,Триумфальный марш,Локация в Турале.,
Unlost World,Мир невозвращённых,Название локации в Solution Nine.,
The Arterial Climb,Артериальный подъём,Район Solution Nine.,
Copperstone,Медный камень,Локация Dawntrail.,
High Tide Harbor,Гавань прилива,Портовый район Тулиоллала.,
The Resplendent Quarter,Сияющий квартал,Район Тулиоллала.,
Vollok Shoonsa,Дворец Воллок Шунса,Дворец в Козамауке; по японскому ヴォロク連王宮.,
The Winged Walk,Крылатая тропа,Локация в Турале.,
Pinion's Reach,Мыс Перышка,Локация в Турале.,
Wachumeqimeqi,Вачумэкимэки,Ремесленный район Тулиоллала.,
Aunt Tii's Tacos,Тако тётушки Тии,Закусочная в Тулиоллале; японский вариант называет хозяйку ласково.,
Hunu'iliy,Хуну'илий,Локация в Козамауке.,
Ek-wawya Plaza,Площадь Эк-Вавья,Площадь Тулиоллала.,
Talonmarch,Когтевой тракт,Местность в Козамауке.,
Seafoam Fields,Поля морской пены,Местность в Козамауке.,
Bayside Bevy,Прибрежная компания,Локация в Турале.,
Brightploom Post,Почтовый пост Брайтплум,Поселение Dawntrail.,
Gornitruq Gleamsands,Сверкающие пески Горнитрука,Локация в Турале.,
Morrow's Measure,Мера завтрашнего дня,Локация в Турале.,
The For'ard Cabins,Передние каюты,Локация в Турале.,
Downripple,Нисходящая рябь,Локация Dawntrail.,
